module,user_type_name,instance_name
decompmod,bounds_type,bounds
decompmod,processor_type,procinfo
decompmod,clump_type,clumps
decompmod,decomp_type,ldecomp
domainmod,domain_type,ldomain
photosynthesismod,photo_params_type,params_inst
allocationmod,allocparamstype,allocparamsinst
croptype,crop_type,crop_vars
landunittype,landunit_physical_properties,lun_pp
sharedparamsmod,paramssharetype,paramsshareinst
vegetationpropertiestype,vegetation_properties_type,veg_vp
atm2lndtype,atm2lnd_type,atm2lnd_vars
canopystatetype,canopystate_type,canopystate_vars
cnstatetype,cnstate_type,cnstate_vars
energyfluxtype,energyflux_type,energyflux_vars
annualfluxdribbler,annual_flux_dribbler_type,dwt_conv_cflux_dribbler
annualfluxdribbler,annual_flux_dribbler_type,hrv_xsmrpool_to_atm_dribbler
annualfluxdribbler,annual_flux_dribbler_type,eflx_dynbal_dribbler
frictionvelocitytype,frictionvel_type,frictionvel_vars
soilstatetype,soilstate_type,soilstate_vars
domainlateralmod,domainlateral_type,ldomain_lateral
domainlateralmod,domainlateral_type,domain_l
solarabsorbedtype,solarabs_type,solarabs_vars
surfacealbedotype,surfalb_type,surfalb_vars
ch4mod,ch4paramstype,ch4paramsinst
ch4mod,ch4_type,ch4_vars
lakestatetype,lakestate_type,lakestate_vars
lnd2atmtype,lnd2atm_type,lnd2atm_vars
soilhydrologytype,soilhydrology_type,soilhydrology_vars
photosynthesistype,photosyns_type,photosyns_vars
gridcelltype,gridcell_physical_properties_type,grc_pp
topounitdatatype,topounit_atmospheric_state,top_as
topounitdatatype,topounit_atmospheric_flux,top_af
topounitdatatype,topounit_energy_state,top_es
columntype,column_physical_properties,col_pp
columndatatype,column_energy_state,col_es
columndatatype,column_water_state,col_ws
columndatatype,column_carbon_state,col_cs
columndatatype,column_carbon_state,c13_col_cs
columndatatype,column_carbon_state,c14_col_cs
columndatatype,column_nitrogen_state,col_ns
columndatatype,column_phosphorus_state,col_ps
columndatatype,column_energy_flux,col_ef
columndatatype,column_water_flux,col_wf
columndatatype,column_carbon_flux,col_cf
columndatatype,column_carbon_flux,c13_col_cf
columndatatype,column_carbon_flux,c14_col_cf
columndatatype,column_nitrogen_flux,col_nf
columndatatype,column_phosphorus_flux,col_pf
cndecompcascadecontype,decomp_cascade_type,decomp_cascade_con
urbanparamstype,urbinp_type,urbinp
urbanparamstype,urbanparams_type,urbanparams_vars
vegetationtype,vegetation_physical_properties,veg_pp
vegetationdatatype,vegetation_energy_state,veg_es
vegetationdatatype,vegetation_water_state,veg_ws
vegetationdatatype,vegetation_carbon_state,veg_cs
vegetationdatatype,vegetation_carbon_state,c13_veg_cs
vegetationdatatype,vegetation_carbon_state,c14_veg_cs
vegetationdatatype,vegetation_nitrogen_state,veg_ns
vegetationdatatype,vegetation_phosphorus_state,veg_ps
vegetationdatatype,vegetation_energy_flux,veg_ef
vegetationdatatype,vegetation_water_flux,veg_wf
vegetationdatatype,vegetation_carbon_flux,veg_cf
vegetationdatatype,vegetation_carbon_flux,c13_veg_cf
vegetationdatatype,vegetation_carbon_flux,c14_veg_cf
vegetationdatatype,vegetation_nitrogen_flux,veg_nf
vegetationdatatype,vegetation_phosphorus_flux,veg_pf
dynsubgridcontrolmod,dyn_subgrid_control_type,dyn_subgrid_control_inst
topounittype,topounit_physical_properties,top_pp
filtermod,clumpfilter,filter
filtermod,clumpfilter,filter_inactive_and_active
